2020,January,1,Mercoledì,,,
2020,January,2,Giovedì,,,
2020,January,3,Venerdì,,,
2020,January,4,Sabato,,,
2020,January,5,Domenica,,,
2020,January,6,Lunedì,,,
2020,January,7,Martedì,,,
2020,January,8,Mercoledì,,,
2020,January,9,Giovedì,,,
2020,January,10,Venerdì,,,
2020,January,11,Sabato,,,
2020,January,12,Domenica,,,
2020,January,13,Lunedì,,,
2020,January,14,Martedì,,,
2020,January,15,Mercoledì,,,
2020,January,16,Giovedì,,,
2020,January,17,Venerdì,,,
2020,January,18,Sabato,,,
2020,January,19,Domenica,,,
2020,January,20,Lunedì,,,
2020,January,21,Martedì,,,
2020,January,22,Mercoledì,,,
2020,January,23,Giovedì,,,
2020,January,24,Venerdì,,,
2020,January,25,Sabato,,,
2020,January,26,Domenica,,,
2020,January,27,Lunedì,,,
2020,January,28,Martedì,,,
2020,January,29,Mercoledì,,,
2020,January,30,Giovedì,,,
2020,January,31,Venerdì,,,
2020,February,1,Sabato,,,
2020,February,2,Domenica,,,
2020,February,3,Lunedì,,,
2020,February,4,Martedì,,,
2020,February,5,Mercoledì,,,
2020,February,6,Giovedì,,,
2020,February,7,Venerdì,,,
2020,February,8,Sabato,,,
2020,February,9,Domenica,,,
2020,February,10,Lunedì,,,
2020,February,11,Martedì,,,
2020,February,12,Mercoledì,,,
2020,February,13,Giovedì,,,
2020,February,14,Venerdì,,,
2020,February,15,Sabato,,,
2020,February,16,Domenica,,,
2020,February,17,Lunedì,,,
2020,February,18,Martedì,,,
2020,February,19,Mercoledì,,,
2020,February,20,Giovedì,,,
2020,February,21,Venerdì,,,
2020,February,22,Sabato,,,
2020,February,23,Domenica,,,
2020,February,24,Lunedì,,,
2020,February,25,Martedì,,,
2020,February,26,Mercoledì,,,
2020,February,27,Giovedì,,,
2020,February,28,Venerdì,,,
2020,February,29,Sabato,,,
2020,March,1,Domenica,,,
2020,March,2,Lunedì,,,
2020,March,3,Martedì,,,
2020,March,4,Mercoledì,,,
2020,March,5,Giovedì,,,
2020,March,6,Venerdì,,,
2020,March,7,Sabato,,,
2020,March,8,Domenica,,,
2020,March,9,Lunedì,,,
2020,March,10,Martedì,,,
2020,March,11,Mercoledì,,,
2020,March,12,Giovedì,,,
2020,March,13,Venerdì,,,
2020,March,14,Sabato,,,
2020,March,15,Domenica,,,
2020,March,16,Lunedì,,,
2020,March,17,Martedì,,,
2020,March,18,Mercoledì,,,
2020,March,19,Giovedì,,,
2020,March,20,Venerdì,,,
2020,March,21,Sabato,,,
2020,March,22,Domenica,,,
2020,March,23,Lunedì,,,
2020,March,24,Martedì,,,
2020,March,25,Mercoledì,,,
2020,March,26,Giovedì,,,
2020,March,27,Venerdì,,,
2020,March,28,Sabato,,,
2020,March,29,Domenica,,,
2020,March,30,Lunedì,,,
2020,March,31,Martedì,,,
2020,April,1,Mercoledì,,,
2020,April,2,Giovedì,,,
2020,April,3,Venerdì,,,
2020,April,4,Sabato,,,
2020,April,5,Domenica,,,
2020,April,6,Lunedì,,,
2020,April,7,Martedì,,,
2020,April,8,Mercoledì,,,
2020,April,9,Giovedì,,,
2020,April,10,Venerdì,,,
2020,April,11,Sabato,,,
2020,April,12,Domenica,,,
2020,April,13,Lunedì,,,
2020,April,14,Martedì,,,
2020,April,15,Mercoledì,,,
2020,April,16,Giovedì,,,
2020,April,17,Venerdì,,,
2020,April,18,Sabato,,,
2020,April,19,Domenica,,,
2020,April,20,Lunedì,,,
2020,April,21,Martedì,,,
2020,April,22,Mercoledì,,,
2020,April,23,Giovedì,,,
2020,April,24,Venerdì,,,
2020,April,25,Sabato,,,
2020,April,26,Domenica,,,
2020,April,27,Lunedì,,,
2020,April,28,Martedì,,,
2020,April,29,Mercoledì,,,
2020,April,30,Giovedì,,,
2020,May,1,Venerdì,,,
2020,May,2,Sabato,,,
2020,May,3,Domenica,,,
2020,May,4,Lunedì,,,
2020,May,5,Martedì,,,
2020,May,6,Mercoledì,,,
2020,May,7,Giovedì,,,
2020,May,8,Venerdì,,,
2020,May,9,Sabato,,,
2020,May,10,Domenica,,,
2020,May,11,Lunedì,,,
2020,May,12,Martedì,,,
2020,May,13,Mercoledì,,,
2020,May,14,Giovedì,,,
2020,May,15,Venerdì,,,
2020,May,16,Sabato,,,
2020,May,17,Domenica,,,
2020,May,18,Lunedì,,,
2020,May,19,Martedì,,,
2020,May,20,Mercoledì,,,
2020,May,21,Giovedì,,,
2020,May,22,Venerdì,,,
2020,May,23,Sabato,,,
2020,May,24,Domenica,,,
2020,May,25,Lunedì,,,
2020,May,26,Martedì,,,
2020,May,27,Mercoledì,,,
2020,May,28,Giovedì,,,
2020,May,29,Venerdì,,,
2020,May,30,Sabato,,,
2020,May,31,Domenica,,,
2020,June,1,Lunedì,,,
2020,June,2,Martedì,,,
2020,June,3,Mercoledì,,,
2020,June,4,Giovedì,,,
2020,June,5,Venerdì,,,
2020,June,6,Sabato,,,
2020,June,7,Domenica,,,
2020,June,8,Lunedì,,,
2020,June,9,Martedì,,,
2020,June,10,Mercoledì,,,
2020,June,11,Giovedì,,,
2020,June,12,Venerdì,,,
2020,June,13,Sabato,,,
2020,June,14,Domenica,,,
2020,June,15,Lunedì,,,
2020,June,16,Martedì,,,
2020,June,17,Mercoledì,,,
2020,June,18,Giovedì,,,
2020,June,19,Venerdì,,,
2020,June,20,Sabato,,,
2020,June,21,Domenica,,,
2020,June,22,Lunedì,,,
2020,June,23,Martedì,,,
2020,June,24,Mercoledì,,,
2020,June,25,Giovedì,,,
2020,June,26,Venerdì,,,
2020,June,27,Sabato,,,
2020,June,28,Domenica,,,
2020,June,29,Lunedì,,,
2020,June,30,Martedì,,,
2020,July,1,Mercoledì,,,
2020,July,2,Giovedì,,,
2020,July,3,Venerdì,,,
2020,July,4,Sabato,,,
2020,July,5,Domenica,,,
2020,July,6,Lunedì,,,
2020,July,7,Martedì,,,
2020,July,8,Mercoledì,,,
2020,July,9,Giovedì,,,
2020,July,10,Venerdì,,,
2020,July,11,Sabato,,,
2020,July,12,Domenica,,,
2020,July,13,Lunedì,,,
2020,July,14,Martedì,,,
2020,July,15,Mercoledì,,,
2020,July,16,Giovedì,,,
2020,July,17,Venerdì,,,
2020,July,18,Sabato,,,
2020,July,19,Domenica,,,
2020,July,20,Lunedì,,,
2020,July,21,Martedì,,,
2020,July,22,Mercoledì,,,
2020,July,23,Giovedì,,,
2020,July,24,Venerdì,,,
2020,July,25,Sabato,,,
2020,July,26,Domenica,,,
2020,July,27,Lunedì,,,
2020,July,28,Martedì,,,
2020,July,29,Mercoledì,,,
2020,July,30,Giovedì,,,
2020,July,31,Venerdì,,,
2020,August,1,Sabato,,,
2020,August,2,Domenica,,,
2020,August,3,Lunedì,,,
2020,August,4,Martedì,,,
2020,August,5,Mercoledì,,,
2020,August,6,Giovedì,,,
2020,August,7,Venerdì,,,
2020,August,8,Sabato,,,
2020,August,9,Domenica,,,
2020,August,10,Lunedì,,,
2020,August,11,Martedì,,,
2020,August,12,Mercoledì,,,
2020,August,13,Giovedì,,,
2020,August,14,Venerdì,,,
2020,August,15,Sabato,,,
2020,August,16,Domenica,,,
2020,August,17,Lunedì,,,
2020,August,18,Martedì,,,
2020,August,19,Mercoledì,,,
2020,August,20,Giovedì,,,
2020,August,21,Venerdì,,,
2020,August,22,Sabato,,,
2020,August,23,Domenica,,,
2020,August,24,Lunedì,,,
2020,August,25,Martedì,,,
2020,August,26,Mercoledì,,,
2020,August,27,Giovedì,,,
2020,August,28,Venerdì,,,
2020,August,29,Sabato,,,
2020,August,30,Domenica,,,
2020,August,31,Lunedì,,,
2020,September,1,Martedì,,,
2020,September,2,Mercoledì,,,
2020,September,3,Giovedì,,,
2020,September,4,Venerdì,,,
2020,September,5,Sabato,,,
2020,September,6,Domenica,,,
2020,September,7,Lunedì,,,
2020,September,8,Martedì,,,
2020,September,9,Mercoledì,,,
2020,September,10,Giovedì,,,
2020,September,11,Venerdì,,,
2020,September,12,Sabato,,,
2020,September,13,Domenica,,,
2020,September,14,Lunedì,,,
2020,September,15,Martedì,,,
2020,September,16,Mercoledì,,,
2020,September,17,Giovedì,,,
2020,September,18,Venerdì,,,
2020,September,19,Sabato,,,
2020,September,20,Domenica,,,
2020,September,21,Lunedì,,,
2020,September,22,Martedì,,,
2020,September,23,Mercoledì,,,
2020,September,24,Giovedì,,,
2020,September,25,Venerdì,,,
2020,September,26,Sabato,,,
2020,September,27,Domenica,,,
2020,September,28,Lunedì,,,
2020,September,29,Martedì,,,
2020,September,30,Mercoledì,,,
2020,October,1,Giovedì,,,
2020,October,2,Venerdì,,,
2020,October,3,Sabato,,,
2020,October,4,Domenica,,,
2020,October,5,Lunedì,,,
2020,October,6,Martedì,,,
2020,October,7,Mercoledì,,,
2020,October,8,Giovedì,,,
2020,October,9,Venerdì,,,
2020,October,10,Sabato,,,
2020,October,11,Domenica,,,
2020,October,12,Lunedì,,,
2020,October,13,Martedì,,,
2020,October,14,Mercoledì,,,
2020,October,15,Giovedì,,,
2020,October,16,Venerdì,,,
2020,October,17,Sabato,,,
2020,October,18,Domenica,,,
2020,October,19,Lunedì,,,
2020,October,20,Martedì,,,
2020,October,21,Mercoledì,,,
2020,October,22,Giovedì,,,
2020,October,23,Venerdì,,,
2020,October,24,Sabato,,,
2020,October,25,Domenica,,,
2020,October,26,Lunedì,,,
2020,October,27,Martedì,,,
2020,October,28,Mercoledì,,,
2020,October,29,Giovedì,,,
2020,October,30,Venerdì,,,
2020,October,31,Sabato,,,
2020,November,1,Domenica,,,
2020,November,2,Lunedì,,,
2020,November,3,Martedì,,,
2020,November,4,Mercoledì,,,
2020,November,5,Giovedì,,,
2020,November,6,Venerdì,,,
2020,November,7,Sabato,,,
2020,November,8,Domenica,,,
2020,November,9,Lunedì,,,
2020,November,10,Martedì,,,
2020,November,11,Mercoledì,,,
2020,November,12,Giovedì,,,
2020,November,13,Venerdì,,,
2020,November,14,Sabato,,,
2020,November,15,Domenica,,,
2020,November,16,Lunedì,,,
2020,November,17,Martedì,,,
2020,November,18,Mercoledì,,,
2020,November,19,Giovedì,,,
2020,November,20,Venerdì,,,
2020,November,21,Sabato,,,
2020,November,22,Domenica,,,
2020,November,23,Lunedì,,,
2020,November,24,Martedì,,,
2020,November,25,Mercoledì,,,
2020,November,26,Giovedì,,,
2020,November,27,Venerdì,,,
2020,November,28,Sabato,,,
2020,November,29,Domenica,,,
2020,November,30,Lunedì,,,
2020,December,1,Martedì,,,
2020,December,2,Mercoledì,,,
2020,December,3,Giovedì,,,
2020,December,4,Venerdì,,,
2020,December,5,Sabato,,,
2020,December,6,Domenica,,,
2020,December,7,Lunedì,,,
2020,December,8,Martedì,,,
2020,December,9,Mercoledì,,,
2020,December,10,Giovedì,,,
2020,December,11,Venerdì,,,
2020,December,12,Sabato,,,
2020,December,13,Domenica,,,
2020,December,14,Lunedì,,,
2020,December,15,Martedì,,,
2020,December,16,Mercoledì,,,
2020,December,17,Giovedì,,,
2020,December,18,Venerdì,,,
2020,December,19,Sabato,,,
2020,December,20,Domenica,,,
2020,December,21,Lunedì,,,
2020,December,22,Martedì,,,
2020,December,23,Mercoledì,,,
2020,December,24,Giovedì,,,
2020,December,25,Venerdì,,,
2020,December,26,Sabato,,,
2020,December,27,Domenica,,,
2020,December,28,Lunedì,Lucio Venna,futurista,1897
2020,December,29,Martedì,,,
2020,December,30,Mercoledì,,,
2020,December,31,Giovedì,,,